"통계분류(1)",통계분류(2),2014,2014,2014,2014,2014,2014,2014,2014,2014,2014,2014,2014,2014,2014,2014,2014,2014,2014,2014,2014,2014,2014,2014,2014,2014,2014,2014,2015,2015,2015,2015,2015,2015,2015,2015,2015,2015,2015,2015,2015,2015,2015,2015,2015,2015,2015,2015,2015,2015,2015,2015,2015,2015,2015,2016,2016,2016,2016,2016,2016,2016,2016,2016,2016,2016,2016,2016,2016,2016,2016,2016,2016,2016,2016,2016,2016,2016,2016,2016,2016,2016,2017,2017,2017,2017,2017,2017,2017,2017,2017,2017,2017,2017,2017,2017,2017,2017,2017,2017,2017,2017,2017,2017,2017,2017,2017,2017,2017,2018,2018,2018,2018,2018,2018,2018,2018,2018,2018,2018,2018,2018,2018,2018,2018,2018,2018,2018,2018,2018,2018,2019,2019,2019,2019,2019,2019,2019,2019,2019,2019,2019,2019,2019,2019,2019,2019
"통계분류(1)",통계분류(2),사례수,식도락 관광,쇼핑,자연경관 감상,고궁/역사유적 방문,업무수행,유흥/오락,전통문화체험,박물관 전시관 방문,연수 교육 연구,시찰(산업시설등),기타,없다,계,뷰티관광,시티투어 버스 이용,공연 민속행사 축제참가 및 관람,직업적 스포츠활동,온천 스파,카지노,미팅 회의 학술대회 박람회 등 참가,휴양 휴식,테마파크,스포츠활동,의료관광,레포츠활동,드라마 촬영지 방문,사례수,식도락 관광,쇼핑,자연경관 감상,고궁/역사유적 방문,업무수행,유흥/오락,전통문화체험,박물관 전시관 방문,연수 교육 연구,시찰(산업시설등),기타,없다,계,뷰티관광,시티투어 버스 이용,공연 민속행사 축제참가 및 관람,직업적 스포츠활동,온천 스파,카지노,미팅 회의 학술대회 박람회 등 참가,휴양 휴식,테마파크,스포츠활동,의료관광,레포츠활동,드라마 촬영지 방문,사례수,식도락 관광,쇼핑,자연경관 감상,고궁/역사유적 방문,업무수행,유흥/오락,전통문화체험,박물관 전시관 방문,연수 교육 연구,시찰(산업시설등),기타,없다,계,뷰티관광,시티투어 버스 이용,공연 민속행사 축제참가 및 관람,직업적 스포츠활동,온천 스파,카지노,미팅 회의 학술대회 박람회 등 참가,휴양 휴식,테마파크,스포츠활동,의료관광,레포츠활동,드라마 촬영지 방문,사례수,식도락 관광,쇼핑,자연경관 감상,고궁/역사유적 방문,업무수행,유흥/오락,전통문화체험,박물관 전시관 방문,연수 교육 연구,시찰(산업시설등),기타,없다,계,뷰티관광,시티투어 버스 이용,공연 민속행사 축제참가 및 관람,직업적 스포츠활동,온천 스파,카지노,미팅 회의 학술대회 박람회 등 참가,휴양 휴식,테마파크,스포츠활동,의료관광,레포츠활동,드라마 촬영지 방문,식도락 관광,쇼핑,자연경관 감상,고궁/역사유적 방문,업무수행,유흥/오락,전통문화체험,박물관 전시관 방문,연수 교육 연구,시찰(산업시설등),기타,없다,계,뷰티관광,시티투어 버스 이용,공연 민속행사 축제참가 및 관람,휴양 휴식,테마파크,스포츠활동,의료관광,레포츠활동,드라마 촬영지 방문,식도락 관광,쇼핑,자연경관 감상,고궁/역사유적 방문,업무수행,K-POP/한류스타 관련 촬영지 방문,유흥/오락,전통문화체험,뷰티/의료관광,박물관 전시관 방문,스포츠/레저 관람 및 참가,연수 교육 연구,시찰(산업시설등),기타,없다,계
"전체",소계,12024,10.2,34.4,12.4,7.5,7.4,2.9,1.6,1.5,1.7,0.3,1.2,0.1,100,1,1.3,3.3,0.3,1.9,0.9,2.3,1.8,3.3,1.3,0.5,0.9,0,12882,13.8,28,13.2,7.7,6.1,3.4,2.1,2.1,1.6,0.5,1.3,0,100,1,1.9,4.1,0.2,1.4,0.8,2.7,1.8,3.2,1.4,0.6,1.2,0,12003,16.5,30.5,11.6,7.9,4.9,3.4,2.1,2.6,1.4,0.4,1.1,0,100,0.7,1.2,3.9,0.2,1.4,0.7,2,1.7,3.2,1.1,0.4,1,0,13841,19.6,28.2,10.1,8.3,6,3.9,2.1,1.7,2,0.6,1.1,0,100,0.8,0.8,3.5,0.3,1.3,0.7,1.5,1.6,2.5,1.7,0.7,0.9,0,29.3,22.2,11.8,7.5,9.8,1.7,2.5,1.5,1.3,0.2,0.9,0,100,0.8,0.8,3.6,0.9,1.9,1.3,0.7,0.5,0.7,30.7,21.7,14.1,8,7.3,5.1,3.4,2.9,1.7,1.7,1.4,1,0.4,0.5,0,100
"월별",1월,717,8.8,35.7,8,7.9,8.5,2.4,1.2,2.4,1.8,0.2,1.5,0.6,100,1.2,1.6,4,0,1.5,0.2,1.9,2.2,1.8,5.2,0.7,0.7,0,922,10.1,28,17.8,6.3,9.8,2.4,1.4,1.3,1.2,0.4,1,0,100,0.5,1.3,3.2,0,2.2,0.8,2.3,2.4,3.1,3.5,0.4,0.7,0,758,14.6,34.9,7.9,6.5,7.6,3.6,1.4,2.1,1.2,0.3,0.9,0,100,1,0.9,2.2,0,1.2,0.9,1.9,1.5,3.1,5.1,0.5,0.5,0,1259,16.9,33.8,8.6,5.7,4.3,2.3,1.8,2.1,2.6,0,0.7,0,100,0.6,0.7,4.5,0.2,1.5,0.6,1.6,1.7,2.7,6.2,0.1,0.7,0,31,22.9,6.5,4.3,14.3,1.8,2.3,0.7,2.6,0.7,0.3,0,100,0.8,0.7,3.7,1.2,1,3.6,0.6,0.2,0.9,28.8,19.4,12.1,7.5,8.7,9.6,2.7,2.8,1.4,1.3,3.6,1.1,0.5,0.4,0,100
"월별",2월,771,9.8,38.3,8.7,7.1,10.2,1.9,1.5,2.9,1.5,0,1.4,0,100,1.1,1.4,2.2,0,1.6,0.1,2,2.2,2.2,2.7,0.3,0.8,0,1061,10,31.9,11.8,8,6.3,2.7,1.2,1.3,1.6,0.1,1,0,100,1.7,0.8,3.5,0.1,2.2,0.3,1.3,2.4,4.7,5.7,0.4,0.9,0,797,16.6,31.2,7.1,6.4,5.7,4,3,2.1,1.4,0.4,1.3,0,100,0.9,1,3.9,0.1,2.4,1.3,2,2,2.7,3.2,0.2,1.2,0,1300,24,32.9,7.5,5.5,5.2,3.4,1.9,0.9,2.5,0.2,1.1,0,100,0.2,0.4,4.5,0.2,0.9,1,1.9,1.4,0.8,2.5,0.6,0.5,0,31.5,19.6,9.2,4.7,7.9,1.6,2,1.8,0.9,0.1,6.3,0,100,0.8,0.9,2.1,1,1.5,6.6,0.6,0.4,0.6,38.1,23.9,8.7,6.8,8.8,2.5,1.7,2.5,2.3,1.2,1.8,0.9,0.4,0.5,0,100
"월별",3월,968,9.7,34.8,12.7,10.1,9.1,2.1,1,0.8,1.4,0.3,1,0.1,100,0.6,0.9,5.9,0.2,0.7,0.5,3,1.3,2.3,0.4,0.3,0.7,0,1238,15.3,29.5,16.9,6.9,6.5,2.8,1.8,1.2,0.9,0.4,0.8,0,100,1.3,2.2,3.7,0.2,1.3,0.5,2.2,1.1,2.8,0.4,0.6,0.9,0,978,17,29.4,9,8,7.2,3.6,2.1,2.5,0.8,0.4,1.1,0,100,1,1,4.4,0.3,1.9,0.8,2.4,1.3,3.7,0.6,0.6,0.7,0,1276,20.8,32.6,10.3,6.3,5.4,3,2,1.9,1.4,0.8,1,0,100,0.9,0.4,2.5,0.6,1.9,0.7,1.8,1.2,2.1,0.9,0.9,0.6,0,27.9,24.6,11.4,6.9,10.2,1.4,3,1.5,1.1,0.5,0.4,0,100,1.1,0.9,2.9,0.9,2.9,0.4,0.8,0.6,0.5,37.9,22,11.4,7.6,7.5,3.8,2.8,2.3,1.1,1.6,0.5,0.8,0.3,0.5,0,100
"월별",4월,1060,9.3,36.9,12.7,9.9,5.8,2.2,1,1.3,1.3,0.2,1.4,0,100,1.5,1.5,2.8,0.8,1.5,1,2.6,2.1,1.9,0.7,0.3,1.5,0,1363,12.2,27.9,14.7,9.1,6.3,3,1.3,2.6,0.9,0.4,1,0,100,1.4,2.4,4.4,0.1,1.9,0.4,3.1,1.7,3.2,0.5,0.5,1,0,1032,17,30.2,11.5,7,4.3,4.7,1.8,3.3,0.7,0.5,1.5,0,100,0.8,1.3,2.9,0.3,1.4,0.8,1.5,3.2,3.9,0.3,0.4,0.6,0,1113,17.8,26.7,11.9,9.1,8.1,3,1.8,2.3,1.4,2,1.3,0,100,1.1,1.1,1.4,0.1,1.4,0.7,2,1.2,3,0.8,1,0.9,0,27.1,21.3,14.1,6.8,14,1.1,3,1.9,1.4,0.2,0.8,0,100,0.7,1,1.9,0.6,1.5,0.4,1,0.8,0.4,25.6,23.9,16.5,9.3,7.9,4.5,3,3.2,1.7,2.1,0.8,0.5,0.6,0.3,0,100
"월별",5월,1042,12.9,32.2,13.6,7,10.3,3.6,1,2.2,1.3,0.4,1.1,0.1,100,0.4,1.2,3.1,0.2,1.6,0.1,1.8,1.8,2.3,0.6,0.5,0.5,0,1314,16.3,27.8,11.9,9.3,4.9,3.7,2.3,1.1,2,0.6,1.3,0,100,0.7,2.3,4.8,0.2,1.5,0.5,2.2,1.7,3.4,0.2,0.6,0.7,0,1030,20.1,30.7,9,8.7,6.4,3.2,1.6,2,1.7,0.6,1.4,0,100,0.2,1.3,2.5,0.1,1,0.4,3,0.6,3.9,0.2,0.5,0.7,0,1000,18.4,26.7,12.6,8.9,6,4.3,2,1,1.6,0.2,2,0,100,1.4,0.7,3.7,0.4,1.2,0.5,1.5,0.9,3.2,0.6,0.7,1.5,0,30.4,21.4,13.6,8.6,9.6,1.8,2.9,0.9,0.8,0.1,0.5,0,100,0.5,0.6,3.4,0.6,1.7,0.7,0.7,0.6,0.6,29.1,20.9,14.7,8.5,7.6,4.6,3.5,2.6,2.3,2,1.2,1.1,0.7,1.1,0,100
"월별",6월,1022,10,39.6,12.9,7.5,4.9,2.3,2,2,2.1,0.6,0.7,0,100,0.6,1.6,1.8,0.5,1.3,0.4,2.7,1.5,2.9,0.6,0.4,1.2,0,676,16.2,23.7,13.3,7.2,6.9,2.6,2.6,2.4,3.9,1.1,2,0.1,100,1,2.5,3.1,0.4,1,0.8,2.5,1.5,2,0.6,0.8,1.7,0,1080,14.9,30,15.8,8,5.6,3.3,1.3,3.3,2,0.5,0.5,0,100,0.4,1.2,3.4,0.1,1,0.1,1.8,1.5,2.5,0.5,0.5,1.8,0,1025,18.6,25.7,11.4,10.1,5,4.8,2.7,3,2.1,0.4,1,0,100,0.6,0.9,2.9,0.2,0.6,0.5,2.3,2,2.8,0.5,1,0.9,0,27.9,22.6,14.7,9.4,7.8,1.8,2.6,0.9,1.1,0.1,0.6,0.1,100,0.6,0.7,3.3,1,2,0.6,0.7,0.4,0.8,29.5,23,13.1,10.3,6.5,5.8,3.3,2.8,1.9,1.6,0.4,1,0.4,0.3,0,100
"월별",7월,1124,11.3,32.3,11.8,4.4,6.4,3.7,1.4,1.5,2.6,0.2,1.2,0,100,0.5,0.7,5.3,0,1.7,3.4,1,2.3,6.7,0.4,0.3,0.9,0,584,11.5,23.2,10.8,7.1,8,5.5,3.1,3.6,2.2,1,1.8,0,100,0.7,3.1,2.8,0.2,0.7,0.5,2.4,1.9,4.2,1.4,1.1,3,0,1183,18.9,32.5,12.4,7.7,2.8,3.2,2.4,2.6,1.5,0,0.3,0,100,0.6,1.1,3.5,0.1,0.9,0.7,1.9,1.9,3.7,0.4,0.2,0.8,0,1039,17.8,25.8,9.5,8,7.3,4.7,2.4,2.2,2.1,1.1,1.1,0,100,1.3,0.6,3.1,0.6,1.4,1,1,2.1,3.4,1.3,0.5,1.6,0,29.7,20.6,12.7,8.8,7.3,2.2,2.4,3,1.2,0,0.7,0,100,0.6,1.1,3.9,1,2.5,0.4,0.7,0.5,0.6,26.6,22.2,16.6,7.3,6.5,5.2,4.9,2.7,1.6,3,1.5,1.3,0.4,0.3,0,100
"월별",8월,1213,13.1,31.3,17.7,5.3,5,4.9,1.1,0.9,1,0.2,0.3,0,100,1.1,1.4,2.2,0.2,3.1,0.7,3.1,1,5.5,0.4,0.2,0.2,0,1001,12.9,23.1,12.6,6.4,5.1,3.6,3.1,4.2,2.1,0.3,1.8,0,100,0.2,2.6,5.8,0.4,0.9,1.7,3.9,2.4,3.7,0.5,0.8,1.9,0,1154,15.2,23.9,11.8,9.2,3.5,3.7,3,3.4,2.3,0.4,1.7,0,100,1.1,1.2,7.2,0.1,1.5,1,2,1.8,4.7,0.2,0.2,0.9,0,1147,20.4,26.9,10.3,7.6,6.1,5.3,2.4,1.7,1.9,0.2,0.8,0,100,1,0.5,3.5,0.5,1,0.7,1.8,2,3.2,0.5,1.2,0.6,0,31,21,9.1,8.2,9.5,1.7,1.9,1.2,1,0.1,0.8,0,100,0.5,0.5,8,0.4,2.3,1.2,0.5,0.6,0.5,33.3,22.6,11.6,6.8,6.8,3.2,4.5,3.7,1.6,1.6,1.4,1.8,0.2,0.9,0,100
"월별",9월,1051,9.3,37,9.2,7.5,7.8,2.4,2.6,1.6,1.1,0,1.6,0,100,1,1.3,3.7,0.4,1.8,0.7,2.9,1.6,4.3,0.3,0.8,1.3,0,1153,14.9,28.8,10.2,8.5,5.5,4.1,2,2.7,1.2,0.5,1.6,0,100,1.4,1.7,4.2,0.5,1.2,1.2,3.7,1.6,2.5,0.2,0.8,1.1,0,1046,18.2,30.5,16,7.3,4,2.8,1.7,2.6,0.2,0.2,1.6,0,100,0.5,0.7,3.5,0,0.7,0.5,2.1,2.2,2.2,0.3,0.6,1.3,0,1122,20.4,26.3,9.5,8.6,9.1,3.9,1.8,1.6,2.9,0.5,0.5,0,100,0.6,1.2,3,0.1,1,0.6,1.5,2.7,2.1,0.5,0.7,0.7,0,31.3,23.1,11.4,8,9.5,1.4,2.5,2,1.2,0.3,0.4,0,100,0.8,0.7,3.2,0.6,1.2,0.6,0.3,0.5,1,30.3,20.4,16.6,9.2,7.1,4.8,3.7,2.9,1.8,1.1,0.7,0.9,0.2,0.2,0,100
"월별",10월,1133,8.8,34.6,13.1,9.4,9,1.9,1.9,0.8,2.3,0.7,1,0,100,1.5,1.1,1.9,0.3,2,0.7,2.1,1.6,2.6,1,0.5,1.3,0,1333,15.9,27.1,13.7,7.4,5.1,2.8,2.8,2.8,1.1,0.5,0.9,0,100,0.7,1.3,4.5,0.1,0.9,1,3.9,1.7,4,0.2,0.4,1.1,0,1103,15.3,31.7,11.9,10.6,4.3,2.2,2.4,2.3,0.5,0.2,0.8,0,100,0.9,1,3.6,0.4,2,0.8,2,1.4,2.7,0.6,0.5,1.8,0,1221,20.5,23.8,13.4,12.2,6.5,3.9,1.7,1.1,0.6,0.5,1.5,0,100,0.5,0.6,3.2,0.2,1.3,0.3,1.5,1.3,2.5,0.7,0.8,1.4,0,29.5,21.4,13.4,8,11.4,1.8,2.2,1.1,1.9,0.3,0.5,0,100,0.5,0.9,2.9,1,1.3,0.4,0.3,0.8,0.6,27.4,19.3,17.7,8.4,5.9,9.8,2.4,3.4,1.7,1.8,0.8,0.8,0.2,0.5,0,100
"월별",11월,972,8.6,29,14.4,8.7,9.7,2.7,2.1,1.3,1.6,0.5,1.3,0,100,1.2,1.5,3.4,0.4,1.8,0.7,3.3,2.3,2.7,0.9,1.5,0.5,0,1128,14.4,31.6,14.1,7.7,6.9,3.9,1.3,1.4,1.3,0.6,1.7,0,100,1.1,1.4,3.1,0,0.6,1.1,3.1,1.2,1.5,0.4,0.5,1,0,906,16.2,31.5,12.6,7.7,5.7,2.5,1.4,2.4,1.7,0.5,0.7,0,100,1.1,1.9,3.8,0.9,1.1,1.3,1.7,1.8,2.2,0.7,0.1,0.3,0,1146,20,28.6,8.9,9.6,6.8,3.7,2.8,1.1,2.1,0.6,1,0,100,0.9,1.2,4.2,0,1.7,0.7,1.4,1.5,1.7,0.4,0.4,0.8,0,28.3,24.5,11.8,8.3,8.4,1.9,2.6,1.3,1.4,0.3,0.1,0,100,0.6,1.1,3.4,1.3,1.9,0.5,1.2,0.1,1,28.2,24.1,15.8,7.3,8.5,4.4,3.4,2.8,2,1.1,0.6,1.5,0.1,0.3,0,100
"월별",12월,951,10.2,32.2,10.6,5.8,2.9,3.8,2.7,1.5,2.9,0.2,1.7,0,100,1.2,2.1,3.5,0.2,3.9,1.5,1.2,2.5,3.4,4.1,0.8,1.3,0,1109,13.9,29.4,9.3,6.7,3.7,3.7,2.3,1.7,2.4,0.5,1.9,0,100,0.8,1.3,4.8,0.2,2.7,0.6,1.4,2.8,3.2,4.6,0.5,1.6,0,937,13.5,31.1,11.7,6.2,3.5,4.7,2.4,2.4,3.1,0.5,0.7,0,100,0.6,1,5.3,0.2,2.6,0.6,1.1,1.6,2.4,3.4,0.1,1.1,0,1195,19,27.1,8.1,8.8,3.2,4.7,2.3,2.1,3,0.3,1.2,0,100,0.5,1.3,5.6,0.3,1.5,0.7,0.3,1.5,2.8,4.2,0.9,1,0,27.1,23.5,11.7,7.2,8.1,2.1,2.9,1.3,1.7,0.3,0.2,0,100,1.6,1,4.1,0.9,2.6,2.2,0.6,0.3,0.7,34.8,18.2,12.7,6.9,6.7,3.6,5,2.9,1.3,2,4,1,0.8,0.3,0,100
"거주국",일본,2180,19.2,16.7,7.8,9.8,8.6,2.1,1,0.7,3,0.8,3.6,0,100,3.1,1.3,7.7,0.4,2.6,1,5,3.1,1,0.8,0.3,0.5,0,2007,20,13.9,5.3,8.8,11.7,2,1.5,0.7,2.7,0.8,4.2,0,100,2.8,1.2,9.8,0.2,1.1,1.1,7.7,3.1,0.5,0.4,0.3,0.3,0,1763,15.9,20.6,8.8,7.3,9.4,1.6,1.3,1.3,1.2,0.6,3.2,0,100,2.7,0.9,10.4,0.1,2.7,1.3,6.2,2.9,1,0.5,0.2,0.1,0,2615,26.9,22.4,6,6,8.5,2.9,0.7,1,2.3,0.4,2.7,0,100,2,0.8,6.9,0.1,2,2,2.9,0.6,1.6,0.4,0.8,0.2,0,44.2,13.5,5.5,3.7,14.6,2.8,1.3,0.9,1,0.1,1.6,0,100,1.7,1,4.9,0.4,0.5,0.5,0.4,0.3,1.1,45.2,15.4,4.6,3.2,11.1,7.1,4.4,1.2,4.1,1,0.9,0.4,0.6,0.8,0,100
"거주국",중국,5379,10.1,46.4,17.9,3.9,1.6,3.1,0.5,1.1,0.9,0.1,0.2,0.1,100,0.7,0.4,2.5,0,2,1.4,0.7,1.4,3.9,0.4,0.5,0.4,0,6092,15.6,37,18,4.5,1.1,3.6,1.3,1.7,0.7,0.1,0.3,0,100,0.8,1.3,2.9,0,1.6,1.2,1,1.2,4.1,0.8,0.4,0.6,0,6020,20.9,38.5,14.1,4.1,0.8,3.8,1.3,2.4,1,0.2,0.3,0,100,0.6,0.4,2.6,0,1.3,0.9,0.3,1.1,3.5,0.5,0.4,0.8,0,4585,25.9,40.1,10.5,2.3,2.3,4.1,0.8,0.7,1.9,0.1,0.6,0,100,0.7,0.3,2.8,0,0.7,0.7,0.5,1.5,1.6,1.1,0.3,0.7,0,39.1,31.1,11.5,3.1,3.6,1,0.7,0.9,1.3,0.1,0.4,0,100,0.5,0.3,3,0.5,1.4,0.6,0.5,0.3,0.2,38.1,26.8,16.3,5,1.6,4.7,2.3,1.6,0.9,1,0.6,0.8,0.1,0.2,0,100
"거주국",홍콩,536,12.8,47.3,5.4,5.3,5.6,1.5,0.9,2.1,0.6,0.2,0.5,0,100,0.5,1.6,1.1,0,1.8,0.2,0.9,1.5,5.3,3.7,0.3,1.1,0,574,19.2,36.1,9.8,4.2,4.1,1.4,1.7,3.2,0.5,0.3,0.2,0.1,100,1,2.5,2.4,0,2.3,0.2,0.5,1.5,2.9,4.8,0.4,0.9,0,499,21.7,39.5,9.5,4,1.6,2.4,0.8,3.7,0.5,0.1,0.5,0,100,0,2.3,3,0.1,0.9,0.1,0.1,1.5,3.8,3.3,0,0.6,0,743,23.6,33.9,11.7,4.6,3.8,1.9,1.7,2,0.1,0.1,0.4,0,100,0.7,0.2,2.8,0.1,2,0,0.8,2.1,2.7,4.2,0.1,0.5,0,29.1,25.4,14.5,5.6,5.1,1.1,3.3,1.3,0.5,0,0.3,0.2,100,1,0.7,3.5,1.2,3.3,3,0.1,0.5,0.5,31.2,25.7,14.5,5.8,6.1,6.3,2.8,3,0.8,0.6,2.6,0.2,0.1,0.3,0,100
"거주국",싱가포르,181,3,42,12,8.5,9,0.6,0.6,2.5,0.2,0.2,0.3,0,100,0.3,1.1,1.3,0,0.9,0.3,1.7,2.1,4.6,7.2,0.2,1.3,0,164,7.6,29.2,11.5,7.4,11.7,2.8,2.5,0.7,1.7,1.2,0.9,0,100,0.1,1.8,1.4,1,0.7,0,3,2.1,3.2,6.1,0.3,3.1,0,158,6.6,37,11.2,7.8,8,2.5,1.4,2.6,0.5,0.3,1.1,0,100,0.1,1,1.4,0.3,1.5,0,2.1,1.4,5.7,4,0,3.7,0,228,8.6,34.4,13,10.2,6.3,3.1,2.9,2.7,0.2,0,0.7,0,100,0.1,0.3,0.8,0.7,1.2,0,1.7,1.7,5.8,4.5,0.3,0.9,0,11.1,32.4,16.3,7.9,10.6,1.2,5.1,1,0.6,0,0.2,0,100,0.6,0.7,3.5,0.5,3.8,2.3,0.1,1.1,0.9,10.4,30.5,15.2,8.9,10.3,4.2,7.2,4.1,0.9,4,3.3,0.4,0.4,0.4,0,100
"거주국",대만,619,15.8,42.6,8.2,6.5,1.1,2.1,1.6,1.3,1,0.2,0.3,0,100,0.7,4.2,2.2,0.1,2.3,0.1,1,0.5,4.6,3.2,0.1,0.3,0,568,19.5,31.9,8.4,8.1,1.9,1.2,1.8,1.8,0.9,0.3,0.5,0,100,0.5,6.2,4.9,0,1.3,0.2,1.2,0.6,3.9,4,0.2,0.8,0,639,20.8,27,7.5,11.7,1,2.2,1.6,3.9,0.3,0.1,0.2,0,100,0.3,5.5,5.9,0,1.3,0.7,0.6,1,4,4.2,0,0.3,0,1049,22.6,28.7,12.6,8.9,1.7,3,2.6,0.8,1.1,0.4,0.5,0,100,0.3,0.9,5,0.1,1.4,0.4,0.4,1.9,3,3.1,0.5,0,0,27.6,21.6,14.2,6.9,3,0.7,5.4,1.5,0.4,0.2,0.2,0,100,0.4,1.1,5.6,1.4,3.9,3,0.4,0.6,1.9,32.5,22.8,13.7,7.1,3,6.7,2.9,6.3,0.3,1,2.9,0.3,0.4,0.1,0,100
"거주국",태국,399,4.5,53.6,9,9.1,0.9,1.2,2.7,2,0.4,0,0.2,0.3,100,0.5,1.3,1.4,0.1,1.1,0.6,1,4.5,3.8,1.7,0.1,0,0,359,9.5,41.1,12.1,9.7,2.7,3,1.8,1.1,0.5,0.4,0.6,0,100,0.8,1.8,2.9,0.1,0.7,0.1,0.7,4.2,3.5,1.6,0.4,0.7,0,324,9.3,44.8,12.1,7.7,1.9,3,2.3,1.9,0.8,0.3,0.4,0,100,0.7,1.2,2.6,0.1,0.6,0.1,1,3.5,2.7,2.2,0.1,0.6,0,510,12.9,42.4,10.9,8.6,0.9,3.4,0.3,1.2,1.3,0.2,0.4,0,100,0.5,1.3,2.7,0.1,0.7,0.2,0,1.7,6.3,1.7,1.2,1.4,0,5.3,44,16.1,9.1,2.7,2.1,2.6,1.1,0.8,0.9,0.3,0,100,0.8,0.7,4.1,1.3,3.6,1.8,1,0.3,1.2,8.4,30.1,20.8,8.4,5.3,4.6,5.7,6.4,1.1,1.8,2.1,3.5,1.5,0.1,0,100
"거주국",말레이시아,221,2.1,33.4,15.9,9.4,4.9,2,3.1,2,1.4,0,0.2,0,100,0.1,1.3,3,0,0.1,0,1.4,4.1,8.5,5.6,0,1.5,0,230,4.4,28.3,18.3,12,2.1,2.3,4.4,2.9,1.7,0.1,0.1,0,100,0.2,2.8,3.1,0.7,1.8,0.4,1.3,2.5,5.6,4.1,0,1,0,223,1.8,28.5,20.4,10,0.6,2,3.5,5.8,0.8,0.3,0.3,0,100,0,3.4,4.6,0.4,0.2,0,0.1,2,9.6,4.5,0,1.3,0,328,6.5,26.5,20.1,10.6,2.3,2.9,2.6,1.6,1.1,0.2,0,0,100,0.9,1.8,1.9,0,0.8,0.4,0.8,1.4,8.7,7.3,0.7,1.1,0,12.9,21.8,24.8,10.2,3.7,1.3,4.8,2,2.1,0.4,0,0,100,0.8,1.7,3.4,1.2,5.1,2.5,0.3,0.3,0.8,13.7,23.3,27.3,13.5,4.5,3.8,3.3,4.8,0.8,1.6,2.7,0.3,0.3,0.1,0,100
"거주국",호주,125,3.6,21.2,8.3,11.3,15.3,6.1,1.4,4,0.7,0.6,3.3,0,100,0.2,2.9,3.8,0.5,2.4,0,4.1,1.9,3.6,3.5,0,1.6,0,138,7.1,12.1,11.3,10.3,15.5,4,3.2,4.3,1,1.5,2.8,0,100,0.2,3.4,3.7,0.5,0.8,0,4.3,6.6,2,1.7,0.2,3.3,0,115,7.2,13.9,9.6,14.4,15.7,5.8,3.2,4.2,1.5,0.7,1.8,0,100,0,2.5,2.1,1.4,1.8,0,5.3,3.8,1.2,1.6,0,2.3,0,167,8.2,15.7,9.4,17.1,9.1,6,5.1,2.4,1.4,0.6,2,0,100,0,2.1,3.6,0.8,1.3,0.3,2.8,2,2,3.6,0.7,3.8,0,10.5,12.6,15.5,19,18,3.5,5.2,2.8,0.5,0.4,2.4,0,100,0,1.6,2.2,1.3,0.9,2.2,0.2,0.9,0.2,12.9,15,14.9,19.6,12.7,4,3.8,5.5,0.4,5.3,2.5,1,0.5,1.8,0,100
"거주국",미국,696,3.5,14.7,9.8,14.9,17.4,4.5,5.8,2.9,3.2,0.5,2.5,0.2,100,0.3,2.9,2.2,0.8,1.3,0,3.1,1.9,1.8,1.5,0,4.2,0,799,5.3,12.2,9.7,14.2,12.7,5.7,5.1,5.5,2,0.3,3.4,0,100,0.1,2.8,2.7,0.9,2.3,0.3,3.8,1.6,1.4,3,0.1,5.1,0,630,7.7,11.4,8.3,20.4,11.6,5.4,5.7,4.5,2.4,0.9,3.2,0,100,0.1,1.2,2.8,0.5,1.8,0.1,3.1,2.7,1.5,0.8,0.2,3.7,0,933,8.3,14,7.7,19,12.2,7.6,5.6,5.6,2.1,0.4,1.1,0,100,0.2,1.3,2.8,1.1,2.5,0.1,2.6,1.7,1.2,0.5,0.2,2.1,0,9.3,10.1,13.4,21.6,19.8,3.2,5.3,3.1,1.1,0.6,2.2,0,100,0.4,1.2,1.8,2,1.1,2.1,0.1,1.1,0.3,10.2,13.1,12.6,23.4,18.7,3.5,3.8,4.6,0.6,4.1,2.2,1.6,0.3,1.4,0,100
"거주국",캐나다,130,3,20.2,8,19.5,10.7,5.9,4.3,3.2,2.2,0.3,1,0.3,100,0.3,3,2.5,1.7,2.6,0.2,2,1.9,1.8,2,0,3.3,0,151,2.4,16,10.3,16.1,10.1,5.4,5.1,4.8,1.6,0.4,2,0,100,0.3,3.7,3.5,0.7,2.4,0,5.5,1.7,2.5,0.9,0.3,4.4,0,126,6.4,14.4,7.7,25.8,8.4,3.4,5.6,3.2,1.2,0.9,2.7,0,100,0.8,1.7,3.8,0.5,1.2,0,2.7,2.5,1,1.8,0.2,4.2,0,186,7.6,15.5,9.3,23.1,9.9,4.3,5,3,1.5,0.2,1.5,0,100,0.2,1.9,3.1,1.4,1.3,0,1.7,1.6,1.1,2.3,0.7,3.7,0,13.1,13.9,13.4,21.9,12.3,2.3,5,2.4,0.6,0.1,2.5,0,100,0.5,0.8,2.8,2.1,1.2,1.8,0.2,2.8,0.2,10.7,16.7,14.6,25.3,11.1,2.1,4.1,4.4,1.8,3.9,2.7,0.4,0.2,1.9,0,100
"거주국",영국,110,3.3,14,8.8,11.9,30.7,6.1,3.8,3.6,2.1,0,2.1,0.5,100,0,1.2,1.3,0,1.4,0,4.5,1.3,1.5,0.4,0,1.4,0,120,5.1,10,9,15.7,14.4,7.2,3,4.1,2.4,1.7,2.3,0,100,0,2.4,3.1,0.6,2.2,0,6.4,2,1.4,2.7,0.4,3.8,0,91,5.5,9,8.9,16.4,20.4,3,4.6,3.3,3.2,1.1,2.9,0,100,0.3,1,0.8,0.3,2.8,0.3,8.7,2.7,0.6,0.5,0.7,3.1,0,132,7.2,9.4,7.9,19.3,19,6.4,5,4.2,0.8,1.4,1.8,0,100,0,1.3,1.5,0.8,1.9,0,3.4,1.5,0.7,2.3,0.3,3.9,0,7.5,9.3,11.8,20,27.6,4.4,3.4,2.7,1,0.2,2.4,0,100,0.2,0.5,3.5,1.1,0.7,2.8,0,0.9,0,9.1,10.1,16.5,20.6,25.8,1.8,3.3,3.1,0.6,3.1,3.7,1,0.7,0.6,0,100
"거주국",독일,86,4.2,12.8,10.8,13.1,29.4,3.6,4.6,2.4,1.6,0,0.2,0.2,100,0,2.2,2.9,1,1,0,4,0.2,0.9,2.2,0.2,2.6,0,100,9.1,7.1,8.2,15.3,25.9,4.9,5.7,2.4,3.4,0.6,1,0,100,0.3,0.9,3.5,0.5,1,0,3.8,1.8,1.3,0.7,0,2.5,0,77,6.9,6.7,6.7,17.6,23.6,4.1,5.3,2,3.7,1.3,1.4,0,100,0.3,0.4,4.1,0.8,1,0,4.7,2.9,0.6,2.5,0.3,2.9,0,112,9.5,6.7,8,12.4,24.2,4,7,1.6,2.7,1.1,1.3,0,100,0,1.6,2.6,0,1.1,0,5.5,1.1,1.3,1.5,0,6.7,0,13.9,3.9,7.7,12.7,36.4,2.9,5.6,3.7,1.5,0.6,2.3,0,100,0.3,1.4,2,0.9,1.1,0.5,0.3,1.9,0.3,10.6,7.7,13.1,16.8,26.7,3.4,3.2,5.9,0.4,5.4,1.5,1,3.7,0.4,0.2,100
"거주국",프랑스,71,4.4,8.3,9.5,11.6,27.9,6.1,4.1,2.2,0.5,1.9,1.9,0,100,0.7,1.2,3,0,1.1,0,9.6,1,0.5,0.9,0,3.5,0,85,9.5,5,8.5,18.5,15.7,7.8,7.8,1.5,1.6,2.6,1.9,0,100,0.2,2.4,3.9,1.1,0.5,0,3.3,2.2,0.7,0,0,5.1,0,66,14,2.1,5.5,13.3,24.1,8.3,5.5,2.6,3.9,2.9,1,0,100,0.3,0.3,2.9,0,0.6,0,8.6,1,0.2,0.3,0,2.7,0,97,15.5,6.5,13,18.4,15.3,5.7,7,4.4,1.5,0.5,0.3,0,100,0.4,0,1.5,1,0,0,4.4,1.4,0.2,1.3,0,1.8,0,12.5,8.3,11.5,22.5,23.1,1.2,4.4,3.7,1.4,0.4,0.8,0,100,0.2,0.8,4.4,1.8,0.6,0.7,0,1.1,0.4,19.6,4,12.2,30.6,17.5,2.1,3.7,3,0.5,3.6,1.8,0,0.3,1.1,0,100
"거주국",러시아,158,2.6,11,1.6,7.9,11.1,3,3.2,1.7,3.8,1,0.4,0,100,0.3,8.3,4.7,0.6,1,0.2,3.7,1.1,13.6,1.8,16.6,0.8,0,154,2.6,17.9,2.2,5.1,10.9,3.5,2.6,2,2,0.4,0.9,0,100,0.9,5.6,8,0.2,1.5,0.4,1.8,3.1,10.2,1.2,14.7,2.2,0,138,4.2,19.6,2.8,11.7,6,5.3,3.8,3.2,3.3,1.1,1,0,100,0.5,3.1,6.8,0.4,1.3,0,2.2,4.8,8.9,1.4,5,3.5,0,246,6.4,17,10,13.1,6.3,4.4,5.3,2.6,2.6,0.4,0.7,0,100,0.7,0.9,1.4,0.6,1.9,0.4,2.7,6.2,6.6,2.8,4.9,2.4,0,11.6,18.6,12.4,10.5,18,1.5,1.7,1.9,2.6,0.8,1.4,0,100,0.8,1,1.5,1.5,2.1,4,6.6,1.4,0.1,11.5,20.7,22.4,6.6,9.9,0.8,11.2,4.1,6.9,3.6,0.7,1,0.4,0,0.2,100
"거주국",중동,137,0.9,16.9,4.4,4.1,48.8,0.6,1.7,1,4.1,0.5,3.8,0,100,0.2,1.9,0.2,0,0.8,0,2.1,1,1.2,1.2,4,0.6,0,171,2,16.5,6.7,6.2,30.6,2.8,1.1,2.9,4.1,1.2,3.2,0,100,0.6,2.4,2.3,0,0,0,2.1,1.7,2.8,0.3,9.3,1.4,0,135,1.4,22,7.6,6.8,27.1,2.4,2.8,1.5,3.9,0,1.9,0,100,0,1.9,1.1,0.7,0.2,0,2.4,4.8,1.7,0.2,8,1.7,0,226,5.6,19.5,5.1,10.2,13.5,3.4,3.1,2.9,3.3,1,0.2,0,100,0.5,0.8,1.6,0.8,1.6,0,1.7,3.5,4,2.3,14.4,0.9,0,5.6,17.3,9.5,10.1,24.2,1.5,2.6,2.2,4.6,0.2,1.3,0,100,0.3,1.5,2.8,1,1.8,1.7,11,0.4,0.3,11.6,26.4,12.3,7.1,14.9,2.3,7.4,4.2,8.1,1.7,0.6,2.9,0.6,0.2,0,100
"거주국",중앙아시아,-,-,-,-,-,-,-,-,-,-,-,-,-,-,-,-,-,-,-,-,-,-,-,-,-,-,-,-,-,-,-,-,-,-,-,-,-,-,-,-,-,-,-,-,-,-,-,-,-,-,-,-,-,-,-,-,-,-,-,-,-,-,-,-,-,-,-,-,-,-,-,-,-,-,-,-,-,-,-,-,-,-,-,-,-,-,-,-,-,-,-,-,-,-,-,-,-,-,-,-,-,-,-,-,-,-,-,-,-,-,-,-,-,-,-,-,-,-,-,-,-,-,-,-,-,-,-,-,-,-,10.7,23.9,14.2,6.2,11.9,1.8,9.8,4.5,10.8,2.3,0.8,2.7,0.1,0.2,0,100
"거주국",GCC,-,-,-,-,-,-,-,-,-,-,-,-,-,-,-,-,-,-,-,-,-,-,-,-,-,-,-,-,-,-,-,-,-,-,-,-,-,-,-,-,-,-,-,-,-,-,-,-,-,-,-,-,-,-,-,-,-,-,-,-,-,-,-,-,-,-,-,-,-,-,-,-,-,-,-,-,-,-,-,-,-,-,-,-,-,-,-,-,-,-,-,-,-,-,-,-,-,-,-,-,-,-,-,-,-,-,-,-,-,-,-,-,-,-,-,-,-,-,-,-,-,-,-,-,-,-,-,-,-,-,11,37.3,10.6,6.1,13.6,1.7,3.5,3.3,7,1.3,0.6,2.8,1.1,0.2,0,100
"거주국",기타중동,-,-,-,-,-,-,-,-,-,-,-,-,-,-,-,-,-,-,-,-,-,-,-,-,-,-,-,-,-,-,-,-,-,-,-,-,-,-,-,-,-,-,-,-,-,-,-,-,-,-,-,-,-,-,-,-,-,-,-,-,-,-,-,-,-,-,-,-,-,-,-,-,-,-,-,-,-,-,-,-,-,-,-,-,-,-,-,-,-,-,-,-,-,-,-,-,-,-,-,-,-,-,-,-,-,-,-,-,-,-,-,-,-,-,-,-,-,-,-,-,-,-,-,-,-,-,-,-,-,-,14.6,25.9,7.8,10.2,24.6,4,3,3.9,0.8,0,0,3.4,1.7,0,0,100
"거주국",인도,66,1.1,22.6,8.7,10.7,22.9,3.9,2.1,1.9,3.5,1.1,0,0,100,0,2.2,1,1.9,2.3,0.4,5.9,1.6,2.9,2.7,0,0.6,0,74,1.4,17.4,9.3,10,18.6,4.4,4,3.8,6,2.3,0,0,100,0,3.5,2.2,0.2,0.4,0.5,8.6,0.9,4.6,0.5,0,1.7,0,57,2,14.2,8.3,8.9,27.2,2.3,2.1,3.9,7.2,1.1,0.3,0,100,0,3.1,1.6,0,0.7,0.3,9.3,0.4,1.7,3.5,0,1.9,0,85,2.7,13.4,9.3,14.8,23.2,3.6,3.2,3.6,8.2,1.2,0.6,0,100,0,1,1.3,0,0.3,0,6.1,0.7,3.9,1.7,0,1.2,0,2.1,12.8,10.2,14.9,39.9,1.7,1.4,2,3.9,1.1,0.3,0,100,0.3,3.1,2.2,0.4,1.9,0.4,0,1.2,0.3,6.3,16,15,11.5,33.9,0.6,3,1.5,0.6,3.1,2.1,3.8,2,0.5,0,100
"거주국",필리핀,0,0,0,0,0,0,0,0,0,0,0,0,0,0,0,0,0,0,0,0,0,0,0,0,0,0,0,0,0,0,0,0,0,0,0,0,0,0,0,0,0,0,0,0,0,0,0,0,0,0,0,0,0,0,0,0,0,0,0,0,0,0,0,0,0,0,0,0,0,0,0,0,0,0,0,0,0,0,0,0,0,284,4.5,16.7,18.7,21.6,2.9,4.9,3.3,3.3,2.6,0,0.6,0,100,0.2,1.5,3.6,0.3,0.4,0.5,1.3,2.4,8.3,1.2,0.3,0.8,0,11,20.1,17.3,18.5,6.3,0.8,7.4,1.1,1.1,0,0.2,0,100,0.3,1.7,2.9,1,6.4,1.4,0.2,0.2,2.2,14.7,20.1,22.1,12.5,4.5,8.6,3,8.2,1.3,2.4,1.1,0.9,0,0.7,0,100
"거주국",인도네시아,0,0,0,0,0,0,0,0,0,0,0,0,0,0,0,0,0,0,0,0,0,0,0,0,0,0,0,0,0,0,0,0,0,0,0,0,0,0,0,0,0,0,0,0,0,0,0,0,0,0,0,0,0,0,0,0,0,0,0,0,0,0,0,0,0,0,0,0,0,0,0,0,0,0,0,0,0,0,0,0,0,195,12.8,24,14.4,14.7,3.2,2.8,2.7,2.4,1.2,0.7,0,0,100,0.6,1.9,3.2,0,0.4,0.8,2.4,4.6,2.8,3.5,0.1,0.8,0,20.1,22.9,13.4,9.9,12.3,0.7,5,1.9,1.7,0.2,0,0,100,0.1,0.7,3.3,0.7,2.7,2.9,0.3,0.4,0.8,24.6,18.2,20.6,11.2,4.7,7.8,2.5,3.1,0.1,1.2,2.3,1.6,1.2,0.8,0,100
"거주국",베트남,0,0,0,0,0,0,0,0,0,0,0,0,0,0,0,0,0,0,0,0,0,0,0,0,0,0,0,0,0,0,0,0,0,0,0,0,0,0,0,0,0,0,0,0,0,0,0,0,0,0,0,0,0,0,0,0,0,0,0,0,0,0,0,0,0,0,0,0,0,0,0,0,0,0,0,0,0,0,0,0,0,332,11.3,25.1,18,8.1,2.3,3.1,1.6,2.1,4.3,9.3,0.3,0,100,0.2,0.1,0.5,0.1,0.8,0,1.3,4.5,4.4,1.6,0,0.7,0,24.8,19.4,17,9.2,6.3,2.7,3.9,3.7,3.1,0.7,0,0,100,0.2,0.8,1.5,1.1,3.1,0.7,0.3,0.4,1.3,24.8,24.7,18.1,7.1,3.3,3.4,5.2,3.6,2.6,4,0.7,1.5,0.7,0.4,0,100
"거주국",몽골,0,0,0,0,0,0,0,0,0,0,0,0,0,0,0,0,0,0,0,0,0,0,0,0,0,0,0,0,0,0,0,0,0,0,0,0,0,0,0,0,0,0,0,0,0,0,0,0,0,0,0,0,0,0,0,0,0,0,0,0,0,0,0,0,0,0,0,0,0,0,0,0,0,0,0,0,0,0,0,0,0,0,0,0,0,0,0,0,0,0,0,0,0,0,0,0,0,0,0,0,0,0,0,0,0,0,0,0,19.4,31.4,10.2,3.2,9.2,0.6,2.8,2.4,3.6,0.9,0.2,0,100,1.2,1.5,3.9,0.5,4,0.6,3.4,0.4,0.7,19.9,30.1,11.7,8.6,10.6,1.7,1.7,2.3,4,1.1,1.3,3.2,2.8,0.8,0,100
"거주국",기타,930,2.7,16.2,6.1,14.8,22.8,3.9,4.8,3.3,3.6,0.6,1.2,0,100,0,1.9,2.4,1,1.3,0.5,5.7,1.5,2.3,1.8,0,1.7,0,1098,5.4,17.8,11.4,14.8,12.4,4.1,3.4,3.6,4.4,1.5,1.3,0,100,0.4,1.9,3.1,0.3,0.7,0.2,3.8,2.4,3.3,1.7,0,1.9,0,944,6.8,16.3,8.9,18.1,13.6,4.5,4.6,2.9,4.1,0.8,1,0,100,0,1.8,1.8,1.2,0.8,0.2,4.2,1.4,4.7,1.4,0,0.9,0,787,7.8,8.1,9,21.1,16.9,3.9,6.6,3.4,4.2,1.6,1.5,0,100,0.6,1.8,1.8,1.4,1.5,0,2.8,1,1.3,1.9,0,1.8,0,7.5,8.7,15.1,17.2,24.1,2.1,4.7,2.8,3.3,0.1,2.1,0,100,0.4,1.9,4.5,1.4,1.3,1.4,0.4,0.6,0.2,9.5,10,17.4,18.4,20.9,3.5,2.2,4.7,0.4,4.4,2.9,4.3,0.7,0.8,0,100
"성별",남성,5368,9.2,24.1,14,7.9,14.8,3.7,1.8,2,2.1,0.6,1.2,0.1,100,0.2,1.5,1.4,0.5,1.7,1,4.2,2.2,2.9,1.6,0.3,1.1,0,5747,12.4,19.4,12.8,8.8,11.9,4.1,2.3,2.4,1.8,1,1.3,0,100,0.2,2.1,2.2,0.3,1.4,1.3,5.1,2.3,3.1,1.9,0.4,1.5,0,4960,17.1,20,13.1,8.9,10.1,4.3,2.3,2.9,1.7,0.8,1,0,100,0.4,0.9,2.5,0.3,1,0.9,3.4,2.2,2.8,1.6,0.5,1.2,0,6217,20,18.3,11.2,9.2,12,4.9,1.9,1.8,2.5,1,1,0,100,0.3,0.7,2,0.4,1.1,1.2,2.9,1.6,2.3,1.9,0.6,1.3,0,24.7,16.8,12.6,8.5,18.2,2.7,2.4,1.8,1.7,0.4,1,0,100,0.3,1,2,0.9,1.8,1.6,0.4,0.6,0.5,28.4,16.4,15.2,9.4,13.9,2.2,4.7,2.7,0.7,2,1.7,1.6,0.7,0.5,0,100
"성별",여성,6656,11,42.7,11.1,7.1,1.4,2.2,1.5,1.2,1.4,0.1,1.2,0,100,1.6,1.2,4.8,0.1,2.1,0.8,0.8,1.6,3.7,1,0.7,0.8,0,7135,14.9,34.9,13.5,6.8,1.4,2.8,1.8,1.9,1.5,0.1,1.4,0,100,1.6,1.7,5.6,0.1,1.5,0.4,0.8,1.4,3.3,1.1,0.7,1,0,7043,16.1,37.8,10.5,7.2,1.3,2.8,1.9,2.4,1.3,0.1,1.1,0,100,1,1.3,4.9,0.1,1.8,0.6,0.9,1.4,3.5,0.8,0.3,0.9,0,7624,19.3,36.4,9.2,7.5,1.2,3.1,2.3,1.6,1.6,0.2,1.2,0,100,1.2,0.8,4.8,0.2,1.5,0.2,0.4,1.6,2.6,1.5,0.8,0.6,0,32.8,26.4,11.2,6.8,3.4,1,2.6,1.2,1,0.1,0.8,0,100,1.1,0.7,4.8,0.8,1.9,1.1,0.8,0.4,0.9,32.3,25.4,13.4,7.1,2.7,7.1,2.6,3.1,2.4,1.5,1.2,0.7,0.2,0.5,0,100
"연령",15~20세,702,10.1,42,7,3.8,0.7,6,1.2,2.1,4,0.1,0.4,0,100,0.9,1.1,3,0.4,3.3,1.8,0.3,0.4,9.5,1.6,0,0.3,0,666,14.7,31.6,10.4,6.1,1.1,5.8,2.2,2.4,4.5,0.2,0.9,0,100,1.3,1.2,4.6,0.4,0.3,1.6,0.4,1.8,5.7,1.7,0.3,0.8,0,730,16.6,32.6,8.4,7,0.2,5.7,3.4,2.3,4.8,0,0.4,0,100,0.8,1.1,5.8,0.5,1.6,1.2,0.3,0.7,4.4,0.9,0.1,1.2,0,953,15.7,34,7.8,7.4,0.1,5.6,3,1.5,4,0.1,0.5,0,100,1,0.7,5.4,0.2,1.1,1.3,0.5,1.5,4.9,2.1,0.6,0.9,0,29,29.8,6.8,5.8,0.6,2.3,4.4,1.7,3.1,0,0.1,0,100,1.9,0.6,6.8,0.9,3.2,1.3,0.7,0.7,0.4,28.6,30.4,7.5,5.9,0.5,11.5,5.1,3.3,1.7,1.5,1.3,2.4,0.1,0.1,0.1,100
"연령",21~30세,4560,11.2,41,12.2,6.2,2.7,3.7,1.5,1.3,1.9,0.1,0.9,0.1,100,0.9,1.1,3.6,0.2,1.9,0.6,1,1.4,3.7,1.3,0.3,1.1,0,5076,15.3,34.3,12.1,6.5,2.2,4.3,2,1.9,2.1,0.2,1.2,0,100,1.1,1.8,3.5,0.2,1.7,0.6,0.7,1,3.9,1.8,0.3,1.6,0,5231,18.4,35.6,11.8,6.1,1,4.6,2.3,2.4,1.6,0.2,0.7,0,100,0.8,1,3,0.1,1.7,0.5,0.7,1.3,3.6,1.1,0.2,1.2,0,5655,19.5,33.7,10.2,7.3,1.6,5.1,2.6,1.8,2.4,0.3,0.8,0,100,0.6,0.7,3.3,0.3,1.3,0.5,0.6,1.4,2.5,1.7,0.7,1.1,0,32.1,24.3,10.5,6.5,5,1.9,2.8,1.5,1.4,0.1,0.8,0,100,0.9,1,5,0.8,1.8,1.3,0.6,0.6,1,34.2,22.2,11.7,6.6,2.9,7.2,4.7,3.5,2.2,1.5,1.5,1.2,0.2,0.4,0,100
"연령",31~40세,3282,9.4,37.1,12.7,6.6,9,2.4,1.6,1.7,1.1,0.3,1.1,0.1,100,1,1.4,2.3,0.2,1.7,0.8,2.3,1.7,2.9,1.1,0.8,0.8,0,3487,14.1,28.6,14.3,7.1,6.5,2.9,1.6,2.4,0.7,0.6,1.4,0,100,1.1,2.1,4.3,0.2,1.3,0.7,2.7,1.6,3,1.1,0.7,0.9,0,3286,16,31.5,10.5,8.7,5.3,3,2,3.1,0.7,0.4,1.2,0,100,0.9,1.4,4,0.1,1,0.9,1.5,1.6,3.4,1.2,0.7,0.8,0,3429,21.1,29.6,9.2,8.6,6.7,3.3,1.8,1.4,1.4,0.8,1,0,100,1,0.8,2.8,0.2,1.1,0.6,1.4,1.3,2.4,1.8,0.8,0.9,0,30.4,24.3,11,7.3,9.9,1.5,2.4,1.1,1.2,0.3,0.6,0,100,0.5,1,2.6,1,1.8,1.2,0.8,0.4,0.7,30.3,25.1,13.7,6.9,7.6,3.8,3.2,3.1,1.3,1.9,1.5,1,0.3,0.3,0,100
"연령",41~50세,1813,9.7,24.7,11.8,8.3,13.5,1.9,1.4,1.3,1.6,0.8,1.6,0,100,1.4,1.4,3.5,0.4,1.8,1,4,2.7,2.8,1.8,1.1,1.2,0,1972,11.8,20.5,13.7,8.5,12,2.3,2.7,2.4,1.4,1,0.8,0,100,0.6,2.1,4,0.1,1.5,1.2,5.7,2.6,2.2,1.3,0.8,0.9,0,1581,14.8,21.4,11.6,9.6,12.6,1.6,1.4,2.5,0.9,1,1.3,0,100,0.4,1.5,5.8,0.3,1.3,0.8,4.8,2,2.1,1.4,0.4,0.8,0,2128,19.5,19.8,10.2,8.6,13.9,2.8,1.3,1.9,0.9,0.9,0.9,0,100,0.5,0.8,3.9,0.4,1.6,0.6,3.4,2.1,2.3,2.1,0.7,0.8,0,27.2,20.1,11.3,7.5,15.5,1.3,2.3,1.9,1.1,0.4,0.7,0,100,0.6,0.8,2.9,1,2,1.7,0.6,0.4,0.5,28.7,22.3,14,8.4,11.8,3.2,2.5,2.7,1.7,1.5,1.2,0.9,0.6,0.5,0,100
"연령",51~60세,1203,9.6,18.5,16.4,12.9,13.5,1.7,2,1.7,1.4,0.6,1,0.1,100,0.7,1.8,4.3,0.5,2.2,1.6,4.5,2.4,1.1,0.7,0.4,0.5,0,1158,10.2,16.6,14,10.4,14,1.8,2.5,1.3,1.2,0.7,1.6,0,100,0.8,1.4,5.9,0.2,1.7,0.5,6.2,3.9,2,0.7,0.9,1.4,0,859,12.2,16.3,16.3,11.1,13.9,0.8,1.6,2,1.2,0.6,1.6,0,100,0.5,1,4.1,0.7,1.4,0.5,6.2,4.1,1.7,1.3,0.5,0.8,0,1217,19.5,14.9,13.6,11.2,13,1.6,1.7,1.6,2,0.7,2.3,0,100,0.5,1,4.5,0.2,1.5,1.1,3.2,2.6,1.8,0.5,0.6,0.3,0,25,18.2,15.2,9.5,15.1,1.9,2,1.6,0.9,0.4,1.3,0,100,0.7,0.7,2.4,0.6,1.6,1.3,0.8,0.3,0.5,28.1,16.1,18.5,11,12.4,2.7,2.4,1.9,1.5,1.7,1.3,0.8,0.7,0.9,0,100
"연령",61세 이상,424,10.5,14.2,11.4,15.8,12.6,0.5,3.4,1.7,2.8,0.2,4.1,0,100,0.8,2.3,3.5,0.1,1,0.5,6.5,4.3,1.3,1.1,0.4,0.9,0,491,11.4,12.5,16.2,15.6,7.7,1.1,2.6,2.3,0.8,0.5,4.5,0,100,0.5,2.3,4.4,0,1,1.6,6.4,3.8,1,2,0.9,0.9,0,287,10.7,11.6,15.2,14.7,13.9,1.3,1.5,2,1.6,0.1,3.5,0,100,0.3,0.6,5,0,1.5,1.3,6.4,4.8,1.6,0.4,0.8,1.3,0,444,19.7,13.5,9.8,12,12.9,0.7,2,2.8,3.2,0.5,3.5,0,100,2.8,0.9,4.3,0.3,0.5,1.9,3.1,1.6,0.2,1.1,1.6,1.1,0,28.6,13.7,17.9,10.8,10.9,1.6,2.3,0.6,2,0,2.1,0,100,0.8,0.1,2.7,1.1,1.9,0.6,0.4,1,0.6,26.6,13,22.2,12.1,8.3,6.4,2.2,2.1,1.1,2.9,1.1,0.8,0.3,1,0,100
"연령",모름/무응답,40,10,55.2,12,4.7,1.6,0,0,3.6,0,0,0.4,0,100,2.6,0.8,1.6,0,0,0,0.7,0,1.6,0,0,5.1,0,31,26.9,8.2,6.5,11.9,8.8,5.2,0,1.8,1.1,1.2,4.4,2.4,100,2.6,2.3,5.2,0,3.7,0,0,0,0.9,0,7.1,0,0,29,4.4,31.8,1.9,3.9,17,0,0,16.8,0,0,3.8,0,100,3.7,0,4.2,0,0,4.8,5.3,0,2.5,0,0,0,0,15,14.1,17.4,41.5,0,15.5,0,0,0,0,5,0,0,100,2.3,0,0,0,0,0,0,0,4.1,0,0,0,0,-,-,-,-,-,-,-,-,-,-,-,-,-,-,-,-,-,-,-,-,-,-,-,-,-,-,-,-,-,-,-,-,-,-,-,-,-,-
"방한목적",여가/위락/휴식,6982,12.2,36.4,17.9,7.8,0,3,1.3,1.4,0.1,0,0.4,0,100,1,1.4,4.1,0.1,2.1,1,0.1,2.5,4.5,1.4,0.1,0.8,0,7293,14.6,28,18.9,8.9,0.2,3.4,1.9,2.3,0.1,0.1,0.3,0,100,0.9,2.2,5.9,0.1,1.6,1.1,0.3,2.5,4.2,1.7,0.1,0.9,0,7180,18.8,28.3,16,8.9,0,3.4,2.1,3.4,0.1,0.1,0.3,0,100,0.9,1.4,5.5,0.1,1.6,0.9,0.1,2.2,3.9,1.2,0.1,0.7,0,7182,22.6,27.6,13.4,9.8,0.1,4,2,1.9,0.2,0.1,0.3,0,100,0.8,1,5.2,0.1,1.4,0.9,0.1,1.9,3.2,2.4,0.2,0.8,0,33.8,25,13.5,8,0.1,1.8,2.8,1.5,0.2,0,0.9,0,100,0.9,0.9,4,1,2.2,1.3,0.8,0.5,0.8,34.5,23.8,14.7,7.8,0.1,7,3.5,3.3,1.8,1.9,1.4,0.1,0,0.1,0,100
"방한목적",친구/친지방문,785,11.3,25,8.1,10.7,0.1,4.8,4.3,2.5,1.4,0.1,11.8,0,100,0.7,2.6,3.2,0.3,3,0.8,0.6,2.7,3.1,0.6,0,2.4,0,1177,17.6,21.3,7.5,10.1,0.3,6,2.8,3.1,0.5,0.2,12,0.1,100,0.4,2.1,2.8,0.5,1.1,0.7,0,2.8,3.6,1,0.3,3.3,0,888,18.5,19.3,8.1,13.2,0,6.4,3,2.1,0.4,0,9.9,0,100,0.1,2,2.8,0.2,2.2,0.8,0.3,3,4.2,1,0.2,2.4,0,1388,18.9,19.3,12.3,10.9,0.3,6.4,3.8,2.6,0.8,0.5,7.6,0,100,0.8,1.3,1.6,0.4,2.2,0.9,0.1,3.3,3,0.5,0.3,2.2,0,-,-,-,-,-,-,-,-,-,-,-,-,-,-,-,-,-,-,-,-,-,-,30.5,20.3,22.3,10.2,0.2,1.3,5.6,2.1,1.7,1.3,1.5,0.2,0,2.9,0,100
"방한목적",사업/전문 활동,2387,5.1,15.9,4.8,7.8,36.8,2.3,1.5,2,2.6,1.6,0.3,0.1,100,0.1,1.2,1.1,1,0.9,0.4,10.2,0.5,0.8,1.6,0.2,1.2,0,2413,10.2,15.1,5.5,5.8,31.7,2.4,1.9,1.6,2.1,2.2,0.1,0,100,0.5,1.1,1,0.4,1,0.5,12.8,0.5,0.8,1.2,0.1,1.5,0,1797,9.6,15.7,5.5,6.3,32.7,2.5,1.5,2,2,2.1,0.5,0,100,0.1,0.5,0.8,0.8,0.6,0.5,11.9,1.1,0.8,1.1,0.1,1.3,0,2631,15.5,15,5.6,7.3,31.2,2.8,1.8,1.5,2.5,2.3,0.2,0,100,0.3,0.5,1.1,0.7,0.8,0.4,7.3,0.7,0.7,1.1,0.2,0.8,0,12.8,11.7,5.3,5.3,52.9,1.5,1,1.4,2.2,1.1,0.4,0,100,0.2,0.6,0.9,0.5,0.4,1.2,0.2,0.2,0.2,19.1,15.9,6.9,6.9,40.2,0.7,1.7,1.5,0.3,1.3,1.3,2,2,0.1,0,100
"방한목적",교육,429,5.2,25.1,3.1,8.4,0.2,6.5,5.5,2.5,26.5,0,0.8,0,100,0,0.4,4.8,0.2,1.3,0.7,3.2,0.1,2.9,0.9,0.1,1.6,0,470,7.5,17.1,5.5,7.1,0,6.5,6.5,3.6,26.9,0.4,0.5,0,100,0.1,1,3.8,0.1,2.4,0,2.6,0.5,4.1,2.6,0,1.4,0,480,11,21.4,4.8,6.3,0,6.8,5.6,1.9,24.4,0,0.1,0,100,0.1,0.4,3.9,0.1,0.7,1,0.4,0.6,4.2,2.2,0.1,4,0,799,12.1,20.8,9.3,7.6,0,6.8,5.4,2.2,22.9,0.2,0.6,0,100,0.1,0,2.8,0.2,0.5,0.2,1.1,0.9,3.1,1.3,0,1.9,0,15.4,17.9,7.5,9.8,3.3,0.7,5.4,1.7,21.7,0.4,0,0,100,1.2,0.3,8.7,0.4,2.2,2,0,1.1,0.3,16.9,15.4,11,10.8,3.3,3.2,4.4,6.6,1.1,1.4,2.1,23.1,0.7,0,0,100
"방한목적",종교 순례,111,5.4,45.5,10.2,7.6,1.9,0,5.4,0,9.8,0,5.7,0,100,0,0.2,0.2,0,0,2.9,2.2,0.7,0.3,0,0.4,1.6,0,89,6.7,21.5,12.5,2.8,2,1.4,4.5,2,20.1,0,3.6,0,100,0,4.2,4.9,0,0.3,0,7.3,1.4,0.6,0,0.8,3.6,0,51,5.2,8.1,13.1,16.7,3.3,0,5.9,0,8,0,14.3,0,100,0,0,3.5,0,2.1,0,12.3,1.2,4.1,0,0,2.1,0,64,12.2,7.4,12.1,14.2,0,3.2,3.5,0.6,15,0,16.4,0,100,0,1.8,0,1.2,0,0,3.2,6.2,1.7,0,1.2,0,0,11.8,6.7,13.9,5.6,2.8,1.8,1.9,3.3,28.3,0,17.9,0,100,0,0,4.1,0,0,1.9,0,0,0,16.9,10.5,11.7,10.2,6.8,0,6.1,4.8,0,3.9,0,2.9,0,26.2,0,100
"방한목적",기타,6,17.1,15.3,4,0,3.3,27.5,0,8.7,0,0,16.3,0,100,0,0,4,0,0,0,0,0,3.8,0,0,0,0,5,10.5,0,0,0,0,0,0,13.6,0,0,75.9,0,100,0,0,0,0,0,0,0,0,0,0,0,0,0,11,0,3,0,23.3,0,0,3,0,0,0,17.9,0,100,0,1.8,13.5,0,0,0,0,0,35,0,0,2.5,0,39,2.8,4.6,8.3,17,0,3.6,0,0,1.4,1.7,10.5,0,100,0,0,34,6.2,0,0,1.1,1.5,0,7.2,0,0,0,5.4,5.3,3.9,11.6,8.2,1.4,1.7,6.9,0,0,28.5,0,100,0,0,0,1,0,26.1,0,0,0,8,14.6,19.5,9.8,2.5,2.8,0.7,1.2,35.9,1.1,0,0,0,3.2,0.5,100
"방한목적",뷰티/건강/치료,122,6.2,21.6,0.5,4.6,0,3.8,0,0.3,0.9,0.3,0,0,100,14.9,0.9,0,0,4,0,0,1.2,2.2,0.2,38.4,0,0,140,5.4,23.8,2.3,0.4,0,0.5,0,0,0.3,0,0,0,100,17,0.8,1.1,0.6,4.1,0,0,1.1,0.9,0.2,39.4,2.2,0,75,2.1,36.1,1.9,1.4,0.7,0,1.4,0,1.5,0.4,2.2,0,100,4.7,0.3,1.8,0,0,0,0,1.1,3,0.4,40.3,0.6,0,171,11.2,28.7,4.2,1.1,0.7,2.4,0,0,0,0.4,0,0,100,8.5,0,0,0,1.4,0,0.3,0.9,1.1,0.4,38.4,0.3,0,-,-,-,-,-,-,-,-,-,-,-,-,-,-,-,-,-,-,-,-,-,-,-,-,-,-,-,-,-,-,-,-,-,-,-,-,-,-
"방한목적",쇼핑,1201,10.8,69.3,3,3.1,0.1,0.6,0.2,0.4,0,0,0.2,0,100,1.7,0.6,3,0,2.2,0.7,0.2,1,2.5,0.3,0.4,0,0,1294,15.9,63.2,4.6,3.2,0.1,1.7,0.7,0.7,0,0.1,0,0,100,1.5,1.3,1.5,0,1.3,0.4,0.1,0.3,1.9,0.7,0.4,0.3,0,1521,16,68.4,2.9,2.1,0,2.4,0.9,0.2,0.1,0.2,0,0,100,0.9,0.6,0.7,0,1.4,0.4,0,0.1,1.4,0.5,0.4,0.3,0,1566,19.4,67,1.6,1.4,0.1,1.4,0.5,0.3,0,0.1,0.1,0,100,1.1,0.4,1.6,0,1.4,0.3,0.1,0.4,1.6,0.6,0.6,0.1,0,-,-,-,-,-,-,-,-,-,-,-,-,-,-,-,-,-,-,-,-,-,-,-,-,-,-,-,-,-,-,-,-,-,-,-,-,-,-
"여행형태",개별여행,8285,9.8,32.1,9.2,7.5,10.5,3.5,1.8,1.6,2.2,0.5,1.5,0.1,100,1.1,1.5,3.4,0.4,2,0.5,3.1,2,2.6,1.1,0.8,1.2,0,8749,13.9,26,9.4,7.7,8.7,3.9,2.2,2.3,2.1,0.7,1.9,0,100,1,2,4.1,0.3,1.6,0.7,3.8,1.7,2.5,1.2,0.8,1.6,0,8084,16.1,27.8,9.6,8.4,7.1,3.4,2.3,2.7,1.9,0.5,1.4,0,100,0.6,1.3,4.1,0.3,1.2,0.7,2.7,1.8,3,1.1,0.6,1.3,0,11462,19.2,27.8,9.5,8.3,7.2,4.2,2.1,1.8,2.3,0.6,1.2,0,100,0.6,0.8,3.6,0.3,1.2,0.7,1.7,1.8,2,1.2,0.8,1.1,0,28.4,22.3,11.1,7.3,11.9,1.7,2.5,1.4,1.5,0.3,0.9,0,100,0.7,0.9,3.6,0.9,1.7,1.1,0.8,0.6,0.6,30.1,22,13.6,7.8,8.9,5.1,3.3,2.3,1.8,1.7,1.2,1.2,0.4,0.6,0,100
"여행형태",단체여행,2998,8.4,40.1,22.3,6.3,0.4,1.5,1.3,1.5,0.7,0,0.1,0,100,0.5,0.8,2.1,0.1,1.8,2.1,0.6,1.5,5.9,1.7,0,0.2,0,3375,9.9,32.5,24.8,7.2,0.3,2.4,2.1,2,0.4,0,0.1,0,100,0.3,1.7,3.3,0,1.2,1,0.5,2.4,5.2,2.3,0.1,0.2,0,3002,14.6,36.1,18.1,6.9,0.3,4.1,1.9,2.7,0.3,0.2,0.2,0,100,0.6,0.8,2.6,0,1.4,0.7,0.4,1.9,4.3,1.6,0,0.4,0,1606,18.1,27.7,17.1,9.5,0.4,2.3,2.7,1.4,1,0.2,0.2,0,100,0.4,0.4,3.1,0,1,0.3,0.7,1.4,5.7,5.7,0.1,0.2,0,20,24.3,20.3,10.7,1.2,1.4,3.8,2.2,1.2,0.2,1.2,0,100,0.2,0.7,3.3,0.9,3.7,3.4,0.2,0,1,23.6,22.2,21.3,11.2,1.7,4.1,3.4,6.2,0.4,2.1,2.8,0.4,0.3,0.2,0,100
"여행형태",Air-tel Tour,741,22.4,36.8,8,12.1,0.5,1.2,0.5,0.6,1.1,0,1.8,0,100,1.4,1.2,6.5,0.2,1.6,0.2,0.5,0.8,0.9,1.2,0.1,0.3,0,758,29.8,31.8,5.5,9,1.2,1.3,0.2,0.2,0.9,0,0.9,0,100,4.2,1.1,7.7,0,1.1,0.9,0.4,0.4,2.4,0.6,0.1,0.4,0,917,26.5,35.2,7.8,6.4,1,1.3,0.5,1.6,0.9,0,0.8,0,100,2.4,0.9,6.4,0,3.8,1.2,0.8,0.4,1.6,0.2,0.2,0.2,0,773,28.8,36,4.5,5.1,0.9,2.5,0.6,0.5,0.5,0.2,1.7,0,100,4.6,0.9,3.8,0,3.9,0.6,0.8,0.2,2.7,0.3,0.8,0.2,0,53.7,18.2,5.6,4.5,1.6,1.9,1.5,1.3,0.3,0.1,0.1,0,100,2.7,0.8,4.4,0.4,0.8,0.3,0.2,0.2,1.4,50.9,17.4,5.2,4.1,2.4,7.1,4.6,2.4,3.7,1.3,0.4,0.4,0.1,0,0,100
"방한횟수",1회,7832,9.4,37.2,15.6,8.2,3.9,2.6,1.8,1.8,1.4,0.2,0.6,0.1,100,0.6,1.1,2.4,0.3,1.8,0.9,1.6,1.8,4.1,1.3,0.4,0.9,0,6949,12.3,27.8,17.8,9.2,3.1,3.3,2.5,2.8,1.1,0.4,0.8,0,100,0.5,2.2,2.9,0.2,1.5,0.7,1.7,1.8,4,1.7,0.4,1.2,0,7375,17.1,28.6,14.1,9.5,2.3,4.1,2.7,3.3,1.5,0.2,0.6,0,100,0.7,1.3,3.3,0.2,1.4,0.4,1,1.4,3.9,1.2,0.2,1.1,0,6471,18.2,24,13,11.8,3.5,4.2,2.9,2.3,1.6,0.6,0.5,0,100,0.6,1,2.7,0.4,1.4,0.5,1.1,1.5,3.2,2.3,0.6,1,0,25.2,19.5,15.2,12.2,5.6,1.6,3.7,2,1.3,0.2,1,0,100,0.9,1.2,3.5,1,2.2,1.6,0.5,0.5,1,26.8,20,17.5,11.9,4.1,4.5,4,4.4,1.3,2.6,1.5,0.9,0.2,0.3,0,100
"방한횟수",2회,1551,9.3,37.5,9.2,7.2,6.7,3.7,1.5,1.4,2.1,0.6,1.5,0,100,1.1,2,3.1,0.3,2.1,0.7,2.8,1.8,2.4,1.4,0.5,1,0,2097,14.9,30,12.3,6.6,5.7,3.4,2.1,1.9,2,0.4,1,0,100,1,2,3.7,0,1.7,0.9,2.1,1.8,2.9,1.6,0.6,1.7,0,1522,17.1,34.3,10.9,7.1,3.8,2.6,1,2.4,1,0.4,0.8,0,100,0.7,1,2.7,0.1,1.6,1,1.9,2.5,3.4,1.7,1.1,0.9,0,2474,19.9,31.5,10.5,6.2,4.5,3.5,1.9,1.7,2.6,0.5,1.1,0,100,1,0.6,2.9,0.3,1.2,0.5,1.2,2.6,2.6,1.4,0.9,0.8,0,29.8,22.9,12.5,6,8.5,1.8,2.7,1.4,1.8,0.1,0.8,0,100,0.7,0.8,3.6,1.2,2,1.3,0.9,0.5,0.4,32.2,20.2,15.1,7.2,5.4,5.6,3.6,3,2.1,1.6,1.6,1.4,0.3,0.8,0,100
"방한횟수",3회,794,13,30.5,6.1,6.4,9.2,5.4,1.6,1,2.6,0.2,2.1,0,100,1.8,1.8,4.1,0.1,1.9,0.6,2.3,3,1.7,1.8,0.8,1.8,0,1015,16.5,30.6,7.4,6.1,6.8,3.9,1.2,1.8,2.3,0.2,1.8,0,100,1.6,1.4,3.3,0.5,1.3,0.7,2.5,2.6,3.7,1.6,0.8,1.4,0,802,17.9,33.6,9,6.1,7.7,3.1,1.5,1.8,2.2,0.3,1.1,0,100,0.8,1.4,2,0.1,1.4,0.9,2.4,1.8,2.3,0.8,0.8,1,0,1315,23.1,30.4,8.6,5.8,7.7,3.9,1.3,1.1,2.6,0.6,1.2,0,100,0.5,0.7,2.3,0.1,1.4,0.9,1.1,1.5,2.1,0.8,0.9,1.4,0,34.9,24,10.3,3.8,12.1,1.8,1.7,0.9,1.3,0.3,0.8,0,100,0.4,0.5,2.2,0.9,1.6,1.1,0.7,0.3,0.4,34.7,22.8,14.8,5.5,7.6,4.8,3.1,1.5,1.4,0.7,1.5,1.2,0.3,0.2,0,100
"방한횟수",4회 이상,1848,13.3,21.4,4.2,5.5,21.6,2.1,1.2,0.8,2.3,0.7,2.9,0,100,1.9,1.4,6.7,0.2,2.1,1.1,5,1.6,1.8,0.7,0.9,0.6,0,2821,15.6,26.1,4.6,5.2,13.5,3.3,1.2,0.7,2.2,1,2.8,0,100,1.9,1.2,7.5,0.2,1.2,1,5.7,1.7,1.2,0.6,0.9,0.7,0,2304,14,32.7,5,3.9,13.2,2.1,1,0.7,1.4,0.8,2.8,0,100,0.9,0.5,7.2,0.3,1.5,1.5,5.1,2.4,1,0.8,0.5,0.7,0,3581,20.6,31.2,5.1,4.3,11.1,3.4,1.1,0.9,2.1,0.5,2.1,0,100,1.1,0.5,6,0.1,1,1.1,2.7,1.3,1.3,1.1,0.8,0.7,0,32.9,25.2,6.9,3.1,15.8,1.8,1.1,0.9,1.2,0.3,0.8,0,100,0.7,0.5,4.2,0.5,1.4,1,0.7,0.5,0.5,33.8,24.5,8.6,4,12.7,5.8,2.7,1.3,2.2,1,1.1,1,0.7,0.7,0,100
"직업",공무원 군인,636,8.4,27.9,16.1,10.9,5.7,1.9,2.1,1.5,1.9,0,1.7,0,100,0.7,1.3,3.7,0.8,1.3,1,1.6,2,3.8,2.4,0.9,2.3,0,709,10.1,26.1,14.2,10.3,4.7,4.3,2,3.2,1.5,0.7,1.2,0,100,0.4,1.5,3.2,0.4,1.3,0.5,2.6,1.3,4.8,3.7,0.5,1.6,0,505,16,31.5,11.5,8.6,1.9,2.5,3.3,3.3,0.9,0.6,0.6,0,100,0.6,1.1,4,0.3,0.5,0.1,2.1,2.2,6.1,1,0.2,1.3,0,628,12.1,24.7,8.4,13.6,6.4,5.1,2.8,3.8,2.4,0.5,1.4,0,100,0.2,0.7,3.4,0.5,1.3,0.8,1.8,1.5,3.6,2.1,0.8,2,0,-,-,-,-,-,-,-,-,-,-,-,-,-,-,-,-,-,-,-,-,-,-,-,-,-,-,-,-,-,-,-,-,-,-,-,-,-,-
"직업",기업인 경영직,1309,6.8,25.8,8.1,7.9,25.9,2.4,2.4,1.9,0.4,1.1,1.2,0,100,0.2,1.2,1.7,0.4,1.9,0.6,3.1,1.9,1.7,1.8,0.4,1.2,0,1327,11,22,9.7,9,19.3,2.4,2.3,2.3,1,1.4,0.6,0.1,100,0.6,1.8,2.7,0.2,1.1,0.8,5.4,1.7,1.8,1.2,0.4,1.2,0,1156,11.1,22.9,9.2,9.3,20,3.3,2,2.2,0.9,0.8,1.1,0,100,0,0.9,1.4,0.3,0.7,0.4,5.3,2.1,2.3,1.5,1.1,1.2,0,1464,13.4,22.3,8.2,10.6,19.5,3.6,2.5,1.4,1,1.6,0.8,0,100,0.6,0.9,1.5,0.3,1.3,0.6,2.8,1.9,2.2,1.8,0.7,0.5,0,-,-,-,-,-,-,-,-,-,-,-,-,-,-,-,-,-,-,-,-,-,-,-,-,-,-,-,-,-,-,-,-,-,-,-,-,-,-
"직업",사무기술직,2546,11,35.8,13,5.9,7.6,2.7,1.1,1.3,1.5,0.4,1,0.1,100,1.3,1.1,4.2,0.1,1.6,0.7,2.6,2,2.9,0.7,0.8,0.6,0,2733,15,28.8,13.3,6.5,7.5,1.9,1.1,1.5,0.8,0.7,0.8,0,100,0.8,2.2,5.7,0.1,1.4,0.4,3.5,2.2,3.1,1.3,0.5,0.8,0,2434,19.8,29.1,11.3,6.5,6.6,2.3,1.5,2.4,0.3,0.3,0.7,0,100,0.7,1.2,5.1,0,1.6,0.7,2.5,1.8,3.2,1.2,0.3,0.8,0,2543,23.5,28.1,9.3,5.9,8.9,3.1,1,1.4,0.6,0.3,1.2,0,100,0.6,0.9,4.6,0.1,1.7,0.5,2,1.8,2.2,1,0.8,0.6,0,-,-,-,-,-,-,-,-,-,-,-,-,-,-,-,-,-,-,-,-,-,-,-,-,-,-,-,-,-,-,-,-,-,-,-,-,-,-
"직업",판매 서비스직,1484,14.9,39.5,14.3,5.1,3.7,1.5,0.8,0.9,0.3,0.1,1.8,0.1,100,1,1.1,3.7,0.1,2.8,0.7,2.1,1.1,2.7,0.9,0.2,0.5,0,1511,13.8,30.6,16.4,6.4,4.2,2.9,2.4,1.6,0.6,0.3,1.5,0,100,1.8,2,4.9,0,1.1,1.4,2.6,1.9,2.1,0.6,0.5,0.6,0,1423,17.9,35.2,12.2,8,1.8,3,1.1,2.3,0.4,0.7,1.5,0,100,1.6,1.2,5.2,0.1,1.4,0.3,0.5,1.7,2.5,1,0,0.4,0,1611,24.1,31.4,9.6,7,2.4,3.3,1.2,1,0.5,0.5,1.1,0,100,1.1,1.6,4.4,0.1,1,0.9,1.6,1.1,2.7,1.9,0.8,0.9,0,-,-,-,-,-,-,-,-,-,-,-,-,-,-,-,-,-,-,-,-,-,-,-,-,-,-,-,-,-,-,-,-,-,-,-,-,-,-
"직업",전문직,1207,8.1,25.5,12.2,11,7.4,3.6,2.3,2.8,3.4,0.4,1,0.1,100,1.4,1.7,2,0.6,2.4,0.7,6.1,1.5,3.1,1.6,0.3,1.1,0,1102,11.1,20.6,12.8,11,6.9,3.6,2.7,2.9,2.8,0.4,2.2,0,100,0.9,2.2,3.9,0.4,1.6,0.2,5.1,1.9,2.8,1.3,0.7,2.2,0,1118,11,23.5,15.4,11.5,5.6,3.3,3.5,3.3,2.6,0.6,1.5,0,100,0.6,1.6,2.7,0.4,1.1,0.6,3.3,1.9,3,0.8,0.4,1.9,0,1312,17.4,21.2,10.3,12.9,7.2,3.5,3.3,3.1,2.4,0.2,1,0,100,0.7,0.9,3.8,0.6,1.6,0.3,3.5,1,2.2,1.9,0.4,0.8,0,-,-,-,-,-,-,-,-,-,-,-,-,-,-,-,-,-,-,-,-,-,-,-,-,-,-,-,-,-,-,-,-,-,-,-,-,-,-
"직업",생산/기능/노무,524,10.1,20.6,16.9,10.7,10.2,4.6,1.1,1.1,1.4,0.7,1,0,100,2.2,2,1.6,0.2,2.8,0.8,0.9,6.3,1.6,1.7,0.1,1.3,0,504,13,16.6,16.2,7.7,10.4,4.2,3.2,1.6,1.3,0.3,1.9,0,100,0.5,2.4,3.8,0,2.1,0.8,2.1,4.3,4.1,1.2,0.1,2.4,0,422,22.7,22.2,16.7,9.1,6.3,3.5,1,3.6,0.8,0.7,0.3,0,100,0.1,0.3,1.7,0.1,0.9,0.7,2.6,2.6,1.1,1.4,0.7,0.7,0,563,25.9,18.8,14.9,8.2,8.2,3.5,1.2,1.8,1.7,1.8,0,0,100,0.4,0.1,3.3,0,1.2,0.5,1.2,1.1,2.9,1.8,0.4,1.1,0,-,-,-,-,-,-,-,-,-,-,-,-,-,-,-,-,-,-,-,-,-,-,-,-,-,-,-,-,-,-,-,-,-,-,-,-,-,-
"직업",자영업자,949,8.1,42.5,9.2,7.1,9,2.4,1.8,1,0.4,0.3,1.1,0,100,0.7,1.4,2.1,0.4,1.1,1.3,2.5,2.8,1.8,0.8,1.6,0.6,0,1450,13.6,39.3,10.9,5.3,4.7,3.7,1.2,2.2,0.3,0.3,1.1,0,100,1.2,1.7,2,0.3,1.4,1.6,2.2,1.7,2.1,1,1.4,0.8,0,1198,14.9,34.1,13,7.5,5.2,2.5,1.6,3.1,0.4,0.1,1,0,100,1.3,1.1,1.9,0.3,2.3,2,1.5,1.8,1.9,0.9,0.8,0.9,0,1635,20.8,34.3,12,5.9,4.4,4.3,1.5,1.2,0.7,0.5,1.1,0,100,1,0.5,1.6,0.3,0.8,1.2,0.6,2.1,1.3,1.7,0.7,1.2,0,-,-,-,-,-,-,-,-,-,-,-,-,-,-,-,-,-,-,-,-,-,-,-,-,-,-,-,-,-,-,-,-,-,-,-,-,-,-
"직업",학생,1884,10.2,39,11.3,6.1,0.3,4.9,1.6,1.6,4.4,0,0.5,0,100,0.9,1.2,3.8,0.2,2.1,1.3,0.7,1,6.9,1.3,0.1,0.9,0,1599,14,27.9,11.7,6.9,0.3,6.5,2.7,2.4,5.8,0.2,1.1,0,100,1,1.7,3.8,0.3,1.5,0.7,0.5,1.2,5.4,2.4,0.2,1.7,0,1927,17.6,32.9,9.2,5.7,0.1,6.3,3.2,2.5,5.1,0.1,0.7,0,100,0.5,0.9,4.5,0.1,1.3,0.8,0.5,0.7,4,1.2,0.3,1.6,0,2269,16.1,31.8,8.9,8.5,0.2,5.7,3.6,1.9,6.7,0.2,0.6,0,100,0.7,0.4,4.1,0.4,1.1,0.6,0.4,1.1,3.7,1.8,0.5,1,0,-,-,-,-,-,-,-,-,-,-,-,-,-,-,-,-,-,-,-,-,-,-,-,-,-,-,-,-,-,-,-,-,-,-,-,-,-,-
"직업",주부,456,14.5,34.6,9.5,12.9,0.1,1.2,1.4,1.9,0.7,0,1.7,0,100,2.6,1.4,7,0.2,3,0,0.2,1.1,3.8,0.9,0.9,0.2,0,552,18.5,31.8,10.6,9.7,0.5,2,1.5,1.2,0.5,0,2.9,0,100,2,0.9,7.1,0,3.2,0.2,0.3,1.2,3.3,1.2,0.8,0.7,0,557,16.3,33.4,11.1,5.6,0.1,0.7,1.4,3.2,0.3,0,1.8,0,100,0.6,2.3,10.1,0,3.7,0.6,0.6,2.4,4,1,0.3,0.5,0,647,22,30.5,11.5,8.5,0.4,1.7,1.6,0.8,0.5,0.2,2.9,0,100,2.7,0.4,6,0.1,1.8,0,0,3,1.5,1.5,1.9,0.4,0,-,-,-,-,-,-,-,-,-,-,-,-,-,-,-,-,-,-,-,-,-,-,-,-,-,-,-,-,-,-,-,-,-,-,-,-,-,-
"직업",은퇴자,199,8.3,19.9,40,10.8,0.5,0.2,2.7,2.1,1.5,0,2.5,0,100,0,1.4,2.1,0,0,1.3,1.1,2.7,0.7,1.1,0.2,1,0,293,10.6,15.3,34.6,13.2,1,1.5,3.5,0.5,0,0,2.4,0,100,0,2.2,4.5,0,2,1.2,0.8,1.7,1.7,1.6,0.9,0.8,0,141,11.9,19.2,21.1,21.5,0.8,2.5,1.9,2.4,0.6,0,4.1,0,100,0,0.4,2.4,0,0.4,0.9,0.5,4.5,2,0,1.4,1.4,0,151,14.5,14.9,22.6,11.4,1.2,1.6,2.3,4.6,1.7,1.8,4.3,0,100,0,1.2,5.7,0.7,0.6,0,0,6.3,0.9,1.7,1.5,0.3,0,-,-,-,-,-,-,-,-,-,-,-,-,-,-,-,-,-,-,-,-,-,-,-,-,-,-,-,-,-,-,-,-,-,-,-,-,-,-
"직업",무직,181,10.3,32.8,12,5.9,1.6,4.1,3.2,2,1.2,0.2,3.7,0,100,0,0.8,4.7,0,1.8,6.3,0,3.1,2.6,2.1,0.4,1,0,258,16.1,32.5,7.4,7.3,0.5,0.7,3.7,2.1,2.4,0,3.6,0,100,1.7,2.7,3.6,0.7,0.4,2,0.5,2.4,6.5,0.3,1.1,1.6,0,224,13.4,38.8,8.3,6.3,0.5,4.6,3,1.5,0.3,0,1.5,0,100,1.6,0.7,4.6,0.9,1.9,1.6,1.5,3.6,1.5,3.5,0,0.4,0,256,20.5,31.1,11,8.7,2.6,3.9,1.3,2.3,1.1,0.6,2,0,100,1.7,0.3,1.8,0,2,1.4,0,0.8,2,1.4,0.3,3.2,0,-,-,-,-,-,-,-,-,-,-,-,-,-,-,-,-,-,-,-,-,-,-,-,-,-,-,-,-,-,-,-,-,-,-,-,-,-,-
"직업",기타,629,10,47.5,8.5,6.3,3.5,2.6,2,1.1,0.9,0,0.9,0,100,0.3,2.2,3.3,0.3,0.7,0,1.4,0.6,4,1.6,0.9,1.3,0,783,17.8,30.6,12.8,7.3,2.3,4.7,2.1,3.6,1,0.3,1.5,0,100,0.7,1,2.7,0,1.2,0.8,1.1,1.4,3.4,1.5,0.5,1.7,0,889,18.3,36.5,10.6,8.7,1.1,4.5,1.4,1.9,0.5,0.4,0.9,0,100,1,1.1,2,0.7,1.2,0.5,1.3,0.9,5,1,0.1,0.5,0,721,22,32.1,10.7,6,2.1,3.9,2.7,1.2,1.8,0.4,0.9,0,100,0.2,0.8,2.8,0.3,0.9,1,1.7,2,2.4,2.2,0.9,0.9,0,-,-,-,-,-,-,-,-,-,-,-,-,-,-,-,-,-,-,-,-,-,-,-,-,-,-,-,-,-,-,-,-,-,-,-,-,-,-
"직업",무응답,19,15.2,46.6,14.2,4.1,8.5,0,0,0,0,0,0,0,100,0,0,0,0,0,0,11.4,0,0,0,0,0,0,62,29,21.1,11.9,5.8,2.3,0.4,1.1,1.3,2.5,0,1.1,0,100,1.1,0.6,3,1.1,2.7,0,7.3,3.3,3.2,0.9,0,0.5,0,10,0,3.2,2.3,45.2,1.5,7.1,0,2.8,18.5,0,7.7,0,100,0,11.5,0,0,0,0,0,0,0,0,0,0,0,42,11.7,22.8,9.8,3.2,5.7,10.5,3.1,2.5,0,0,0,0,100,0,0,0,5.1,3.1,0,0,3.8,10.7,3.8,1.2,3,0,-,-,-,-,-,-,-,-,-,-,-,-,-,-,-,-,-,-,-,-,-,-,-,-,-,-,-,-,-,-,-,-,-,-,-,-,-,-
